{"TCGA-N5-A4RU-01":0.5600854801172341,"TCGA-NG-A4VU-01":0.830976538897634,"TCGA-ND-A4W6-01":0.38957730440940486,"TCGA-N6-A4VC-01":0.623166101417655,"TCGA-N7-A4Y0-01":0.20951119149287387,"TCGA-N8-A4PQ-01":0.5116950668663384,"TCGA-N6-A4VE-01":0.46007943354833103,"TCGA-N5-A59F-01":0.6112065252598982,"TCGA-NG-A4VW-01":0.10033730413656823,"TCGA-N5-A4RN-01":0.5405689872042425,"TCGA-N5-A4RD-01":0.5106832937001751,"TCGA-N8-A4PO-01":0.8379822164945487,"TCGA-N5-A59E-01":0.7028384857605755,"TCGA-N6-A4VD-01":0.04609707265058696,"TCGA-N8-A4PM-01":0.29933831046656434,"TCGA-NA-A4QX-01":0.3438357559950228,"TCGA-N9-A4Q8-01":0.6204272467570414,"TCGA-N6-A4VG-01":0.5785889698020208,"TCGA-N5-A4RJ-01":0.49647118222422315,"TCGA-N9-A4Q3-01":0.5996854453547299,"TCGA-N6-A4VF-01":0.28221084023836585,"TCGA-N5-A4RS-01":0.29101891674001734,"TCGA-QM-A5NM-01":0.5045184859192967,"TCGA-N5-A4RT-01":0.686075890015659,"TCGA-N8-A4PP-01":0.5711170323933557,"TCGA-NA-A4QY-01":0.6908800848857077,"TCGA-N9-A4Q7-01":0.30159620827473826,"TCGA-N8-A4PL-01":0.6026766051457683,"TCGA-N5-A4RA-01":0.641243123689671,"TCGA-ND-A4WA-01":0.8251080865421561,"TCGA-N8-A4PI-01":0.31574478990255406,"TCGA-N7-A4Y5-01":0.7570078842528052,"TCGA-N5-A4RF-01":0.4305079797083676,"TCGA-N6-A4V9-01":0.6804250244560058,"TCGA-QN-A5NN-01":0.5284284853970296,"TCGA-ND-A4WF-01":0.55014306398002,"TCGA-N5-A4RM-01":0.5319602320831766,"TCGA-NF-A4WU-01":0.3490774170339552,"TCGA-NF-A4WX-01":0.5001313036351468,"TCGA-NF-A4X2-01":0.5753389205382676,"TCGA-N8-A4PN-01":0.5420331634698924,"TCGA-N7-A4Y8-01":0.774299927806011,"TCGA-N5-A4RV-01":0.47180209844809073,"TCGA-N5-A4RO-01":0.965849843327472,"TCGA-ND-A4WC-01":0.0038256961313658357,"TCGA-NA-A4R1-01":0.7953087074419682,"TCGA-NA-A5I1-01":0.33785658040824945,"TCGA-NA-A4QW-01":0.7088674311749571,"TCGA-N9-A4Q1-01":0.8273427153562193,"TCGA-NF-A5CP-01":0.21911265329685997,"TCGA-N9-A4PZ-01":0.679950403747756,"TCGA-NA-A4R0-01":0.22363115153669624,"TCGA-NA-A4QV-01":0.6149013319110123,"TCGA-N8-A56S-01":0.27736357013960034,"TCGA-N9-A4Q4-01":0.6770973861196076,"TCGA-N7-A59B-01":0.5843856444422749}
